{"name":"3","stars":0,"row":1,"column":66,"star1":1,"star2":2,"star3":3,"turnCount":10,"canMoveUp":false,"balls":6}{"name":"Obstacle_Cube (0,0) (19)","type":"Obstacle","position":{"x":-0.8000001907348633,"y":-12.315999984741211,"z":0.0},"rotation":{"x":0.0,"y":0.0,"z":0.0,"w":1.0},"offset":{"x":-2.9802322387695315e-8,"y":-0.0014857649803161622},"size":{"x":1.5,"y":1.5},"row":0,"column":0,"hp":15,"geometry":"cube"}{"name":"Obstacle_Cube (0,0) (20)","type":"Obstacle","position":{"x":0.4399995803833008,"y":-12.315999984741211,"z":0.0},"rotation":{"x":0.0,"y":0.0,"z":0.0,"w":1.0},"offset":{"x":-2.9802322387695315e-8,"y":-0.0014857649803161622},"size":{"x":1.5,"y":1.5},"row":0,"column":1,"hp":15,"geometry":"cube"}{"name":"Obstacle_Cube (0,0) (24)","type":"Obstacle","position":{"x":-3.3499999046325685,"y":-11.029999732971192,"z":0.0},"rotation":{"x":0.0,"y":0.0,"z":0.0,"w":1.0},"offset":{"x":-2.9802322387695315e-8,"y":-0.0014857649803161622},"size":{"x":1.5,"y":1.5},"row":0,"column":2,"hp":15,"geometry":"cube"}{"name":"Obstacle_Cube (0,0) (25)","type":"Obstacle","position":{"x":2.9600000381469728,"y":-11.029999732971192,"z":0.0},"rotation":{"x":0.0,"y":0.0,"z":0.0,"w":1.0},"offset":{"x":-2.9802322387695315e-8,"y":-0.0014857649803161622},"size":{"x":1.5,"y":1.5},"row":0,"column":3,"hp":15,"geometry":"cube"}{"name":"Obstacle_Cube (0,0) (35)","type":"Obstacle","position":{"x":4.199999809265137,"y":-9.789999961853028,"z":0.0},"rotation":{"x":0.0,"y":0.0,"z":0.0,"w":1.0},"offset":{"x":-2.9802322387695315e-8,"y":-0.0014857649803161622},"size":{"x":1.5,"y":1.5},"row":0,"column":4,"hp":15,"geometry":"cube"}{"name":"Obstacle_Cube (0,0) (36)","type":"Obstacle","position":{"x":-4.539999961853027,"y":-9.789999961853028,"z":0.0},"rotation":{"x":0.0,"y":0.0,"z":0.0,"w":1.0},"offset":{"x":-2.9802322387695315e-8,"y":-0.0014857649803161622},"size":{"x":1.5,"y":1.5},"row":0,"column":5,"hp":15,"geometry":"cube"}{"name":"Obstacle_Cube (0,0) (44)","type":"Obstacle","position":{"x":-5.779999732971191,"y":-8.550000190734864,"z":0.0},"rotation":{"x":0.0,"y":0.0,"z":0.0,"w":1.0},"offset":{"x":-2.9802322387695315e-8,"y":-0.0014857649803161622},"size":{"x":1.5,"y":1.5},"row":0,"column":6,"hp":15,"geometry":"cube"}{"name":"Obstacle_Cube (0,0) (46)","type":"Obstacle","position":{"x":5.439999580383301,"y":-8.550000190734864,"z":0.0},"rotation":{"x":0.0,"y":0.0,"z":0.0,"w":1.0},"offset":{"x":-2.9802322387695315e-8,"y":-0.0014857649803161622},"size":{"x":1.5,"y":1.5},"row":0,"column":7,"hp":15,"geometry":"cube"}{"name":"Obstacle_Cube (0,0) (37)","type":"Obstacle","position":{"x":2.9300003051757814,"y":-9.789999961853028,"z":0.0},"rotation":{"x":0.0,"y":0.0,"z":0.0,"w":1.0},"offset":{"x":-2.9802322387695315e-8,"y":-0.0014857649803161622},"size":{"x":1.5,"y":1.5},"row":0,"column":8,"hp":15,"geometry":"cube"}{"name":"Obstacle_Cube (0,0) (38)","type":"Obstacle","position":{"x":-3.3400001525878908,"y":-9.789999961853028,"z":0.0},"rotation":{"x":0.0,"y":0.0,"z":0.0,"w":1.0},"offset":{"x":-2.9802322387695315e-8,"y":-0.0014857649803161622},"size":{"x":1.5,"y":1.5},"row":0,"column":9,"hp":15,"geometry":"cube"}{"name":"Obstacle_Cube (0,0) (39)","type":"Obstacle","position":{"x":-4.550000190734863,"y":-8.550000190734864,"z":0.0},"rotation":{"x":0.0,"y":0.0,"z":0.0,"w":1.0},"offset":{"x":-2.9802322387695315e-8,"y":-0.0014857649803161622},"size":{"x":1.5,"y":1.5},"row":0,"column":10,"hp":15,"geometry":"cube"}{"name":"Obstacle_Cube (0,0) (40)","type":"Obstacle","position":{"x":4.199999809265137,"y":-8.550000190734864,"z":0.0},"rotation":{"x":0.0,"y":0.0,"z":0.0,"w":1.0},"offset":{"x":-2.9802322387695315e-8,"y":-0.0014857649803161622},"size":{"x":1.5,"y":1.5},"row":0,"column":11,"hp":15,"geometry":"cube"}{"name":"Obstacle_Triangle","type":"Obstacle","position":{"x":-6.410000324249268,"y":-6.150000095367432,"z":0.0},"rotation":{"x":0.0,"y":0.0,"z":0.0,"w":1.0},"offset":{"x":0.0,"y":0.0},"size":{"x":1.5,"y":1.5},"row":0,"column":12,"hp":15,"geometry":"isoscelesTriangle"}{"name":"Add_Ball","type":"AddItem","position":{"x":-2.190000057220459,"y":-11.039999961853028,"z":0.0},"rotation":{"x":-0.7071068286895752,"y":0.0,"z":0.0,"w":0.7071068286895752},"offset":{"x":0.0,"y":0.0},"size":{"x":0.8999999761581421,"y":0.8999999761581421},"row":0,"column":13}{"name":"Add_Ball (1)","type":"AddItem","position":{"x":-0.7899999618530273,"y":-11.039999961853028,"z":0.0},"rotation":{"x":-0.7071068286895752,"y":0.0,"z":0.0,"w":0.7071068286895752},"offset":{"x":0.0,"y":0.0},"size":{"x":0.8999999761581421,"y":0.8999999761581421},"row":0,"column":14}{"name":"Add_Ball (2)","type":"AddItem","position":{"x":0.4699997901916504,"y":-11.039999961853028,"z":0.0},"rotation":{"x":-0.7071068286895752,"y":0.0,"z":0.0,"w":0.7071068286895752},"offset":{"x":0.0,"y":0.0},"size":{"x":0.8999999761581421,"y":0.8999999761581421},"row":0,"column":15}{"name":"Add_Ball (3)","type":"AddItem","position":{"x":1.869999885559082,"y":-11.039999961853028,"z":0.0},"rotation":{"x":-0.7071068286895752,"y":0.0,"z":0.0,"w":0.7071068286895752},"offset":{"x":0.0,"y":0.0},"size":{"x":0.8999999761581421,"y":0.8999999761581421},"row":0,"column":16}{"name":"Add_Ball (4)","type":"AddItem","position":{"x":-2.190000057220459,"y":-9.800000190734864,"z":0.0},"rotation":{"x":-0.7071068286895752,"y":0.0,"z":0.0,"w":0.7071068286895752},"offset":{"x":0.0,"y":0.0},"size":{"x":0.8999999761581421,"y":0.8999999761581421},"row":0,"column":17}{"name":"Add_Ball (5)","type":"AddItem","position":{"x":-0.7899999618530273,"y":-9.800000190734864,"z":0.0},"rotation":{"x":-0.7071068286895752,"y":0.0,"z":0.0,"w":0.7071068286895752},"offset":{"x":0.0,"y":0.0},"size":{"x":0.8999999761581421,"y":0.8999999761581421},"row":0,"column":18}{"name":"Add_Ball (6)","type":"AddItem","position":{"x":0.4699997901916504,"y":-9.800000190734864,"z":0.0},"rotation":{"x":-0.7071068286895752,"y":0.0,"z":0.0,"w":0.7071068286895752},"offset":{"x":0.0,"y":0.0},"size":{"x":0.8999999761581421,"y":0.8999999761581421},"row":0,"column":19}{"name":"Add_Ball (7)","type":"AddItem","position":{"x":1.869999885559082,"y":-9.800000190734864,"z":0.0},"rotation":{"x":-0.7071068286895752,"y":0.0,"z":0.0,"w":0.7071068286895752},"offset":{"x":0.0,"y":0.0},"size":{"x":0.8999999761581421,"y":0.8999999761581421},"row":0,"column":20}{"name":"Add_Ball (8)","type":"AddItem","position":{"x":-2.190000057220459,"y":-8.550000190734864,"z":0.0},"rotation":{"x":-0.7071068286895752,"y":0.0,"z":0.0,"w":0.7071068286895752},"offset":{"x":0.0,"y":0.0},"size":{"x":0.8999999761581421,"y":0.8999999761581421},"row":0,"column":21}{"name":"Add_Ball (9)","type":"AddItem","position":{"x":-0.7899999618530273,"y":-8.550000190734864,"z":0.0},"rotation":{"x":-0.7071068286895752,"y":0.0,"z":0.0,"w":0.7071068286895752},"offset":{"x":0.0,"y":0.0},"size":{"x":0.8999999761581421,"y":0.8999999761581421},"row":0,"column":22}{"name":"Add_Ball (10)","type":"AddItem","position":{"x":0.4699997901916504,"y":-8.550000190734864,"z":0.0},"rotation":{"x":-0.7071068286895752,"y":0.0,"z":0.0,"w":0.7071068286895752},"offset":{"x":0.0,"y":0.0},"size":{"x":0.8999999761581421,"y":0.8999999761581421},"row":0,"column":23}{"name":"Add_Ball (11)","type":"AddItem","position":{"x":1.869999885559082,"y":-8.550000190734864,"z":0.0},"rotation":{"x":-0.7071068286895752,"y":0.0,"z":0.0,"w":0.7071068286895752},"offset":{"x":0.0,"y":0.0},"size":{"x":0.8999999761581421,"y":0.8999999761581421},"row":0,"column":24}{"name":"Add_Ball (12)","type":"AddItem","position":{"x":2.9499998092651369,"y":-8.550000190734864,"z":0.0},"rotation":{"x":-0.7071068286895752,"y":0.0,"z":0.0,"w":0.7071068286895752},"offset":{"x":0.0,"y":0.0},"size":{"x":0.8999999761581421,"y":0.8999999761581421},"row":0,"column":25}{"name":"Add_Ball (13)","type":"AddItem","position":{"x":-3.4200000762939455,"y":-8.550000190734864,"z":0.0},"rotation":{"x":-0.7071068286895752,"y":0.0,"z":0.0,"w":0.7071068286895752},"offset":{"x":0.0,"y":0.0},"size":{"x":0.8999999761581421,"y":0.8999999761581421},"row":0,