{"name":"19","stars":0,"row":1,"column":34,"star1":1,"star2":5,"star3":6,"turnCount":16,"canMoveUp":true,"balls":1}{"name":"Obstacle_Square(Clone)","type":"Obstacle","position":{"x":-7.289999961853027,"y":-10.699999809265137,"z":0.0},"rotation":{"x":0.0,"y":0.0,"z":0.0,"w":1.0},"offset":{"x":0.0,"y":0.0},"size":{"x":1.7000000476837159,"y":1.7000000476837159},"row":0,"column":0,"hp":1,"geometry":"cube"}{"name":"Obstacle_Right_Triangle(Clone)","type":"Obstacle","position":{"x":-7.289999961853027,"y":-9.399999618530274,"z":0.0},"rotation":{"x":0.0,"y":0.0,"z":0.7071068286895752,"w":0.7071068286895752},"offset":{"x":0.0,"y":0.0},"size":{"x":1.7000000476837159,"y":1.7000000476837159},"row":0,"column":1,"hp":1,"geometry":"rightTriangle"}{"name":"Obstacle_Square(Clone)","type":"Obstacle","position":{"x":-4.690000057220459,"y":-9.399999618530274,"z":0.0},"rotation":{"x":0.0,"y":0.0,"z":0.0,"w":1.0},"offset":{"x":0.0,"y":0.0},"size":{"x":1.7000000476837159,"y":1.7000000476837159},"row":0,"column":2,"hp":15,"geometry":"cube"}{"name":"Obstacle_Square(Clone)","type":"Obstacle","position":{"x":-3.390000104904175,"y":-9.399999618530274,"z":0.0},"rotation":{"x":0.0,"y":0.0,"z":0.0,"w":1.0},"offset":{"x":0.0,"y":0.0},"size":{"x":1.7000000476837159,"y":1.7000000476837159},"row":0,"column":3,"hp":15,"geometry":"cube"}{"name":"Obstacle_Square(Clone)","type":"Obstacle","position":{"x":-2.0900001525878908,"y":-9.399999618530274,"z":0.0},"rotation":{"x":0.0,"y":0.0,"z":0.0,"w":1.0},"offset":{"x":0.0,"y":0.0},"size":{"x":1.7000000476837159,"y":1.7000000476837159},"row":0,"column":4,"hp":15,"geometry":"cube"}{"name":"Obstacle_Square(Clone)","type":"Obstacle","position":{"x":5.710000038146973,"y":-9.399999618530274,"z":0.0},"rotation":{"x":0.0,"y":0.0,"z":0.0,"w":1.0},"offset":{"x":0.0,"y":0.0},"size":{"x":1.7000000476837159,"y":1.7000000476837159},"row":0,"column":5,"hp":15,"geometry":"cube"}{"name":"Obstacle_Square(Clone)","type":"Obstacle","position":{"x":4.409999847412109,"y":-9.399999618530274,"z":0.0},"rotation":{"x":0.0,"y":0.0,"z":0.0,"w":1.0},"offset":{"x":0.0,"y":0.0},"size":{"x":1.7000000476837159,"y":1.7000000476837159},"row":0,"column":6,"hp":15,"geometry":"cube"}{"name":"Obstacle_Square(Clone)","type":"Obstacle","position":{"x":3.109999656677246,"y":-9.399999618530274,"z":0.0},"rotation":{"x":0.0,"y":0.0,"z":0.0,"w":1.0},"offset":{"x":0.0,"y":0.0},"size":{"x":1.7000000476837159,"y":1.7000000476837159},"row":0,"column":7,"hp":15,"geometry":"cube"}{"name":"Obstacle_Square(Clone)","type":"Obstacle","position":{"x":1.8099994659423829,"y":-9.399999618530274,"z":0.0},"rotation":{"x":0.0,"y":0.0,"z":0.0,"w":1.0},"offset":{"x":0.0,"y":0.0},"size":{"x":1.7000000476837159,"y":1.7000000476837159},"row":0,"column":8,"hp":15,"geometry":"cube"}{"name":"Obstacle_Square(Clone)","type":"Obstacle","position":{"x":0.5099997520446777,"y":-9.399999618530274,"z":0.0},"rotation":{"x":0.0,"y":0.0,"z":0.0,"w":1.0},"offset":{"x":0.0,"y":0.0},"size":{"x":1.7000000476837159,"y":1.7000000476837159},"row":0,"column":9,"hp":15,"geometry":"cube"}{"name":"Obstacle_Square(Clone)","type":"Obstacle","position":{"x":-0.7899999618530273,"y":-9.399999618530274,"z":0.0},"rotation":{"x":0.0,"y":0.0,"z":0.0,"w":1.0},"offset":{"x":0.0,"y":0.0},"size":{"x":1.7000000476837159,"y":1.7000000476837159},"row":0,"column":10,"hp":15,"geometry":"cube"}{"name":"Obstacle_Square(Clone)","type":"Obstacle","position":{"x":-3.390000104904175,"y":-10.699999809265137,"z":0.0},"rotation":{"x":0.0,"y":0.0,"z":0.0,"w":1.0},"offset":{"x":0.0,"y":0.0},"size":{"x":1.7000000476837159,"y":1.7000000476837159},"row":0,"column":11,"hp":15,"geometry":"cube"}{"name":"Obstacle_Square(Clone)","type":"Obstacle","position":{"x":-2.0900001525878908,"y":-10.699999809265137,"z":0.0},"rotation":{"x":0.0,"y":0.0,"z":0.0,"w":1.0},"offset":{"x":0.0,"y":0.0},"size":{"x":1.7000000476837159,"y":1.7000000476837159},"row":0,"column":12,"hp":15,"geometry":"cube"}{"name":"Obstacle_Right_Triangle(Clone)","type":"Obstacle","position":{"x":7.0099992752075199,"y":-9.399999618530274,"z":0.0},"rotation":{"x":0.0,"y":0.0,"z":0.0,"w":1.0},"offset":{"x":0.0,"y":0.0},"size":{"x":1.7000000476837159,"y":1.7000000476837159},"row":0,"column":13,"hp":15,"geometry":"rightTriangle"}{"name":"Obstacle_Square(Clone)","type":"Obstacle","position":{"x":7.0099992752075199,"y":-10.699999809265137,"z":0.0},"rotation":{"x":0.0,"y":0.0,"z":0.0,"w":1.0},"offset":{"x":0.0,"y":0.0},"size":{"x":1.7000000476837159,"y":1.7000000476837159},"row":0,"column":14,"hp":15,"geometry":"cube"}{"name":"Obstacle_Square(Clone)","type":"Obstacle","position":{"x":-0.7899999618530273,"y":-10.699999809265137,"z":0.0},"rotation":{"x":0.0,"y":0.0,"z":0.0,"w":1.0},"offset":{"x":0.0,"y":0.0},"size":{"x":1.7000000476837159,"y":1.7000000476837159},"row":0,"column":15,"hp":15,"geometry":"cube"}{"name":"Obstacle_Square(Clone)","type":"Obstacle","position":{"x":3.109999656677246,"y":-10.699999809265137,"z":0.0},"rotation":{"x":0.0,"y":0.0,"z":0.0,"w":1.0},"offset":{"x":0.0,"y":0.0},"size":{"x":1.7000000476837159,"y":1.7000000476837159},"row":0,"column":16,"hp":15,"geometry":"cube"}{"name":"Obstacle_Square(Clone)","type":"Obstacle","position":{"x":1.8099994659423829,"y":-10.699999809265137,"z":0.0},"rotation":{"x":0.0,"y":0.0,"z":0.0,"w":1.0},"offset":{"x":0.0,"y":0.0},"size":{"x":1.7000000476837159,"y":1.7000000476837159},"row":0,"column":17,"hp":15,"geometry":"cube"}{"name":"Obstacle_Square(Clone)","type":"Obstacle","position":{"x":0.5099997520446777,"y":-10.699999809265137,"z":0.0},"rotation":{"x":0.0,"y":0.0,"z":0.0,"w":1.0},"offset":{"x":0.0,"y":0.0},"size":{"x":1.7000000476837159,"y":1.7000000476837159},"row":0,"column":18,"hp":15,"geometry":"cube"}{"name":"Obstacle_Right_Triangle(Clone)","type":"Obstacle","position":{"x":4.409999847412109,"y":-8.100000381469727,"z":0.0},"rotation":{"x":0.0,"y":0.0,"z":0.0,"w":1.0},"offset":{"x":0.0,"y":0.0},"size":{"x":1.7000000476837159,"y":1.7000000476837159},"row":0,"column":19,"hp":50,"geometry":"rightTriangle"}{"name":"Obstacle_Square(Clone)","type":"Obstacle","position":{"x":3.109999656677246,"y":-8.100000381469727,"z":0.0},"rotation":{"x":0.0,"y":0.0,"z":0.0,"w":1.0},"offset":{"x":0.0,"y":0.0},"size":{"x":1.7000000476837159,"y":1.7000000476837159},"row":0,"column":20,"hp":50,"geometry":"cube"}{"name":"Obstacle_Square(Clone)","type":"Obstacle","position":{"x":1.8099994659423829,"y":-8.100000381469727,"z":0.0},"rotation":{"x":0.0,"y":0.0,"z":0.0,"w":1.0},"offset":{"x":0.0,"y":0.0},"size":{"x":1.7000000476837159,"y":1.7000000476837159},"row":0,"column":21,"hp":50,"geometry":"cube"}{"name":"Obstacle_Square(Clone)","type":"Obstacle","position":{"x":0.5099997520446777,"y":-8.100000381469727,"z":0.0},"rotation":{"x":0.0,"y":0.0,"z":0.0,"w":1.0},"offset":{"x":0.0,"y":0.0},"size":{"x":1.7000000476837159,"y":1.7000000476837159},"row":0,"column":22,"hp":50,"geometry":"cube"}{"name":"Obstacle_Square(Clone)","type":"Obstacle","position":{"x":-0.7899999618530273,"y":-8.100000381469727,"z":0.0},"rotation":{"x":0.0,"y":0.0,"z":0.0,"w":1.0},"offset":{"x":0.0,"y":0.0},"size":{"x":1.7000000476837159,"y":1.7000000476837159},"row":0,"column":23,"hp":50,"geometry":"cube"}{"name":"Obstacle_Square(Clone)","type":"Obstacle","position":{"x":-2.0900001525878908,"y":-8.100000381469727,"z":0.0},"rotation":{"x":0.0,"y":0.0,"z":0.0,"w":1.0},"offset":{"x":0.0,"y":0.0},"size":{"x":1.7000000476837159,"y":1.7000000476837159},"row":0,"column":24,"hp":50,"geometry":"cube"}{"name":"Obstacle_Right_Triangle(Clone)","type":"Obstacle","position":{"x":-3.390000104904175,"y":-8.100000381469727,"z":0.0},"rotation":{"x":0.0,"y":0.0,"z":0.7071068286895752,"w":0.7071068286895752},"offset":{"x":0.0,"y":0.0},"size":{"x":1.7000000476837159,"y":1.7000000476837159},"row":0,"column":25,"hp":50,"geometry":"rightTriangle"}{"name":"Obstacle_Right_Triangle(Clone)","type":"Obstacle","position":{"x":-2.0900001525878908,"y":-6.800000190734863,"z":0.0},"rotation":{"x":0.0,"y":0.0,"z":0.7071068286895752,