{"name":"1","stars":"0","balls":"11"}{"name":"Obstacle_Cube (0,0)","type":"Obstacle","position":{"x":-6.340000152587891,"y":-12.0,"z":0.0},"rotation":{"x":0.0,"y":0.0,"z":0.0,"w":1.0},"offset":{"x":-2.9802322387695315e-8,"y":-0.0014857649803161622},"size":{"x":0.7284693121910095,"y":0.7314409017562866},"hp":1,"geometry":"rectangle"}{"name":"Obstacle_Cube (0,1)","type":"Obstacle","position":{"x":-3.8400001525878908,"y":-12.0,"z":0.0},"rotation":{"x":0.0,"y":0.0,"z":0.0,"w":1.0},"offset":{"x":-2.9802322387695315e-8,"y":-0.0014857649803161622},"size":{"x":0.7284693121910095,"y":0.7314409017562866},"hp":1,"geometry":"rectangle"}{"name":"Obstacle_Cube (0,2)","type":"Obstacle","position":{"x":-1.3400001525878907,"y":-12.0,"z":0.0},"rotation":{"x":0.0,"y":0.0,"z":0.0,"w":1.0},"offset":{"x":-2.9802322387695315e-8,"y":-0.0014857649803161622},"size":{"x":0.7284693121910095,"y":0.7314409017562866},"hp":1,"geometry":"rectangle"}{"name":"Obstacle_Cube (0,3)","type":"Obstacle","position":{"x":1.1599998474121094,"y":-12.0,"z":0.0},"rotation":{"x":0.0,"y":0.0,"z":0.0,"w":1.0},"offset":{"x":-2.9802322387695315e-8,"y":-0.0014857649803161622},"size":{"x":0.7284693121910095,"y":0.7314409017562866},"hp":1,"geometry":"rectangle"}{"name":"Obstacle_Cube (0,4)","type":"Obstacle","position":{"x":3.6599998474121095,"y":-12.0,"z":0.0},"rotation":{"x":0.0,"y":0.0,"z":0.0,"w":1.0},"offset":{"x":-2.9802322387695315e-8,"y":-0.0014857649803161622},"size":{"x":0.7284693121910095,"y":0.7314409017562866},"hp":1,"geometry":"rectangle"}{"name":"Obstacle_Cube (0,5)","type":"Obstacle","position":{"x":6.159999847412109,"y":-12.0,"z":0.0},"rotation":{"x":0.0,"y":0.0,"z":0.0,"w":1.0},"offset":{"x":-2.9802322387695315e-8,"y":-0.0014857649803161622},"size":{"x":0.7284693121910095,"y":0.7314409017562866},"hp":1,"geometry":"rectangle"}{"name":"Obstacle_Cube (1,0)","type":"Obstacle","position":{"x":-6.340000152587891,"y":-9.5,"z":0.0},"rotation":{"x":0.0,"y":0.0,"z":0.0,"w":1.0},"offset":{"x":-2.9802322387695315e-8,"y":-0.0014857649803161622},"size":{"x":0.7284693121910095,"y":0.7314409017562866},"hp":1,"geometry":"rectangle"}{"name":"Obstacle_Cube (1,1)","type":"Obstacle","position":{"x":-3.8400001525878908,"y":-9.5,"z":0.0},"rotation":{"x":0.0,"y":0.0,"z":0.0,"w":1.0},"offset":{"x":-2.9802322387695315e-8,"y":-0.0014857649803161622},"size":{"x":0.7284693121910095,"y":0.7314409017562866},"hp":1,"geometry":"rectangle"}{"name":"Obstacle_Cube (1,2)","type":"Obstacle","position":{"x":-1.3400001525878907,"y":-9.5,"z":0.0},"rotation":{"x":0.0,"y":0.0,"z":0.0,"w":1.0},"offset":{"x":-2.9802322387695315e-8,"y":-0.0014857649803161622},"size":{"x":0.7284693121910095,"y":0.7314409017562866},"hp":1,"geometry":"rectangle"}{"name":"Obstacle_Cube (1,3)","type":"Obstacle","position":{"x":1.1599998474121094,"y":-9.5,"z":0.0},"rotation":{"x":0.0,"y":0.0,"z":0.0,"w":1.0},"offset":{"x":-2.9802322387695315e-8,"y":-0.0014857649803161622},"size":{"x":0.7284693121910095,"y":0.7314409017562866},"hp":1,"geometry":"rectangle"}{"name":"Obstacle_Cube (1,4)","type":"Obstacle","position":{"x":3.6599998474121095,"y":-9.5,"z":0.0},"rotation":{"x":0.0,"y":0.0,"z":0.0,"w":1.0},"offset":{"x":-2.9802322387695315e-8,"y":-0.0014857649803161622},"size":{"x":0.7284693121910095,"y":0.7314409017562866},"hp":1,"geometry":"rectangle"}{"name":"Obstacle_Cube (1,5)","type":"Obstacle","position":{"x":6.159999847412109,"y":-9.5,"z":0.0},"rotation":{"x":0.0,"y":0.0,"z":0.0,"w":1.0},"offset":{"x":-2.9802322387695315e-8,"y":-0.0014857649803161622},"size":{"x":0.7284693121910095,"y":0.7314409017562866},"hp":1,"geometry":"rectangle"}{"name":"Obstacle_Cube (2,0)","type":"Obstacle","position":{"x":-6.340000152587891,"y":-7.0,"z":0.0},"rotation":{"x":0.0,"y":0.0,"z":0.0,"w":1.0},"offset":{"x":-2.9802322387695315e-8,"y":-0.0014857649803161622},"size":{"x":0.7284693121910095,"y":0.7314409017562866},"hp":1,"geometry":"rectangle"}{"name":"Obstacle_Cube (2,1)","type":"Obstacle","position":{"x":-3.8400001525878908,"y":-7.0,"z":0.0},"rotation":{"x":0.0,"y":0.0,"z":0.0,"w":1.0},"offset":{"x":-2.9802322387695315e-8,"y":-0.0014857649803161622},"size":{"x":0.7284693121910095,"y":0.7314409017562866},"hp":1,"geometry":"rectangle"}{"name":"Obstacle_Cube (2,2)","type":"Obstacle","position":{"x":-1.3400001525878907,"y":-7.0,"z":0.0},"rotation":{"x":0.0,"y":0.0,"z":0.0,"w":1.0},"offset":{"x":-2.9802322387695315e-8,"y":-0.0014857649803161622},"size":{"x":0.7284693121910095,"y":0.7314409017562866},"hp":1,"geometry":"rectangle"}{"name":"Obstacle_Cube (2,3)","type":"Obstacle","position":{"x":1.1599998474121094,"y":-7.0,"z":0.0},"rotation":{"x":0.0,"y":0.0,"z":0.0,"w":1.0},"offset":{"x":-2.9802322387695315e-8,"y":-0.0014857649803161622},"size":{"x":0.7284693121910095,"y":0.7314409017562866},"hp":1,"geometry":"rectangle"}{"name":"Obstacle_Cube (2,4)","type":"Obstacle","position":{"x":3.6599998474121095,"y":-7.0,"z":0.0},"rotation":{"x":0.0,"y":0.0,"z":0.0,"w":1.0},"offset":{"x":-2.9802322387695315e-8,"y":-0.0014857649803161622},"size":{"x":0.7284693121910095,"y":0.7314409017562866},"hp":1,"geometry":"rectangle"}{"name":"Obstacle_Cube (2,5)","type":"Obstacle","position":{"x":6.159999847412109,"y":-7.0,"z":0.0},"rotation":{"x":0.0,"y":0.0,"z":0.0,"w":1.0},"offset":{"x":-2.9802322387695315e-8,"y":-0.0014857649803161622},"size":{"x":0.7284693121910095,"y":0.7314409017562866},"hp":1,"geometry":"rectangle"}{"name":"Obstacle_Cube (3,0)","type":"Obstacle","position":{"x":-6.340000152587891,"y":-4.5,"z":0.0},"rotation":{"x":0.0,"y":0.0,"z":0.0,"w":1.0},"offset":{"x":-2.9802322387695315e-8,"y":-0.0014857649803161622},"size":{"x":0.7284693121910095,"y":0.7314409017562866},"hp":1,"geometry":"rectangle"}{"name":"Obstacle_Cube (3,1)","type":"Obstacle","position":{"x":-3.8400001525878908,"y":-4.5,"z":0.0},"rotation":{"x":0.0,"y":0.0,"z":0.0,"w":1.0},"offset":{"x":-2.9802322387695315e-8,"y":-0.0014857649803161622},"size":{"x":0.7284693121910095,"y":0.7314409017562866},"hp":1,"geometry":"rectangle"}{"name":"Obstacle_Cube (3,2)","type":"Obstacle","position":{"x":-1.3400001525878907,"y":-4.5,"z":0.0},"rotation":{"x":0.0,"y":0.0,"z":0.0,"w":1.0},"offset":{"x":-2.9802322387695315e-8,"y":-0.0014857649803161622},"size":{"x":0.7284693121910095,"y":0.7314409017562866},"hp":1,"geometry":"rectangle"}{"name":"Obstacle_Cube (3,3)","type":"Obstacle","position":{"x":1.1599998474121094,"y":-4.5,"z":0.0},"rotation":{"x":0.0,"y":0.0,"z":0.0,"w":1.0},"offset":{"x":-2.9802322387695315e-8,"y":-0.0014857649803161622},"size":{"x":0.7284693121910095,"y":0.7314409017562866},"hp":1,"geometry":"rectangle"}{"name":"Obstacle_Cube (3,4)","type":"Obstacle","position":{"x":3.6599998474121095,"y":-4.5,"z":0.0},"rotation":{"x":0.0,"y":0.0,"z":0.0,"w":1.0},"offset":{"x":-2.9802322387695315e-8,"y":-0.0014857649803161622},"size":{"x":0.7284693121910095,"y":0.7314409017562866},"hp":1,"geometry":"rectangle"}{"name":"Obstacle_Cube (3,5)","type":"Obstacle","position":{"x":6.159999847412109,"y":-4.5,"z":0.0},"rotation":{"x":0.0,"y":0.0,"z":0.0,"w":1.0},"offset":{"x":-2.9802322387695315e-8,"y":-0.0014857649803161622},"size":{"x":0.7284693121910095,"y":0.7314409017562866},"hp":1,"geometry":"rectangle"}{"name":"Obstacle_Cube (4,0)","type":"Obstacle","position":{"x":-6.340000152587891,"y":-2.0699996948242189,"z":0.0},"rotation":{"x":0.0,"y":0.0,"z":0.0,"w":1.0},"offset":{"x":-2.9802322387695315e-8,"y":-0.0014857649803161622},"size":{"x":0.7284693121910095,"y":0.7314409017562866},"hp":1,"geometry":"rectangle"}{"name":"Obstacle_Cube (4,1)","type":"Obstacle","position":{"x":-3.8400001525878908,"y":-2.0699996948242189,"z":0.0},"rotation":{"x":0.0,"y":0.0,"z":0.0,"w":1.0},"offset":{"x":-2.9802322387695315e-8,"y":-0.0014857649803161622},"size":{"x":0.7284693121910095,"y":0.7314409017562866},"hp":1,"geometry":"rectangle"}{"name":"Obstacle_Cube (4,2)","type":"Obstacle","position":{"x":-1.3400001525878907,"y":-2.0699996948242189,"z":0.0},"rotation":{"x":0.0,"y":0.0,"z":0.0,"w":1.0},"offset":{"x":-2.9802322387695315e-8,